1,Kevin,Singleton,"Garcia, Jenkins and Harris",7380 Wilson Mills Suite 286,Port Johnburgh,Mississippi,Albania
2,Patricia,Baker,"Howard, Simmons and Patel",8205 Tiffany Prairie,East Christopher,Ohio,Central African Republic
3,Justin,Tapia,Green PLC,495 Robyn Park Apt. 676,South Katherine,Nebraska,Macedonia
4,Duane,Wolfe,Price and Sons,49678 John Lodge,West Michael,Vermont,Suriname
5,Christy,Adams,Chang-Benitez,43271 Burns Trafficway Suite 601,Murraytown,Maryland,Guam
6,Mary,Lewis,"Jones, White and Dominguez",87229 Nunez Pines,West Christine,Washington,Nigeria
7,Christian,Bowers,Perry-Miles,67371 Karen Crescent,Port Timborough,Kentucky,Serbia
8,Richard,Lewis,Martinez-Garcia,02532 Howard Squares,New Heather,Minnesota,Mauritius
9,Danny,Anderson,"Pierce, Chavez and Bailey",29028 Randall Fork Apt. 461,Scottborough,Arkansas,Azerbaijan
10,Victor,Robertson,Mason Inc,1738 Bartlett Alley Suite 044,Charlestown,Georgia,Samoa
