1,Christopher,Ward,Futures trader,uguzman@yahoo.com
2,Nancy,Mason,Water engineer,davidwilson@salinas-gibson.net
3,Holly,Cummings,"Lecturer, higher education",caitlin12@bailey.org
4,Luke,Peters,Bonds trader,michelle41@yahoo.com
5,Jerome,Smith,Quarry manager,paulbrown@cooley-herrera.info
6,Elizabeth,Booker,"Engineer, technical sales",martinezpatricia@hotmail.com
7,Jessica,Klein,"Education officer, community",monica74@mcconnell.com
8,Eric,Roberson,Customer service manager,kimsheri@hotmail.com
9,Chad,Mata,Field seismologist,vrodriguez@gmail.com
10,Ryan,Phillips,"Lecturer, further education",kylerodgers@gmail.com
11,Brittney,Cummings,Audiological scientist,michelle50@hotmail.com
12,Destiny,Floyd,Housing manager/officer,andrewfloyd@yahoo.com
13,Julie,Brown,Theatre director,owensyvonne@garcia-coleman.org
14,Nancy,Hamilton,Research scientist (medical),oblake@reynolds.info
15,Tyler,Johnson,Cytogeneticist,angela77@hotmail.com
16,Travis,Clements,IT technical support officer,christopher79@burns.biz
17,Tammy,Holmes,Production engineer,iyork@wallace.com
18,Scott,Rogers,Herbalist,reynoldsanthony@yahoo.com
19,Debbie,Branch,Outdoor activities/education manager,tammylowe@gmail.com
20,Mike,Horn,"Education officer, museum",bedwards@hale.info
21,Matthew,Cherry,Retail banker,hmartin@yahoo.com
22,Kyle,Coleman,"Therapist, sports",obutler@yahoo.com
23,Megan,Fowler,Landscape architect,aliciawatkins@gmail.com
24,Stacy,Macias,"Librarian, academic",barajasteresa@miller.com
25,Antonio,Bryant,Counsellor,lhaley@gmail.com
26,Stephanie,Morgan,"Programme researcher, broadcasting/film/video",raven69@morrow.com
27,Adam,Knight,Mudlogger,stacey48@paul.org
28,Jacqueline,Velazquez,"Engineer, technical sales",xallen@gmail.com
29,Chris,Wyatt,Mental health nurse,william37@phillips-martin.com
30,April,Martin,Environmental consultant,millerkimberly@lane.com
31,Erica,Guerra,Chartered legal executive (England and Wales),marshallronald@bryan-cox.com
32,Kimberly,Morris,Clinical research associate,leecarrie@stewart.com
33,Bridget,Austin,Paramedic,perrycharles@gmail.com
34,Jamie,Powell,Ergonomist,ashleybrown@burton.biz
35,Alexandra,Edwards,Senior tax professional/tax inspector,jasondouglas@hotmail.com
36,Olivia,Black,"Teacher, English as a foreign language",uobrien@hotmail.com
37,Jared,Thompson,TEFL teacher,dcollins@gmail.com
38,Robert,Johnson,Press sub,mark80@lee.com
39,Kenneth,Bishop,"Research officer, political party",lawsonjoshua@yahoo.com
40,John,Mckay,Sales promotion account executive,diane89@gmail.com
41,Aaron,Hall,Ship broker,sarahbowen@spence.com
42,Donna,Golden,Horticultural consultant,longdavid@becker.com
43,Johnathan,Johnson,Occupational hygienist,brownbrianna@rivera.com
44,Elizabeth,Morales,Land,flucas@yahoo.com
45,Barbara,Bullock,"Radiographer, therapeutic",drivera@hotmail.com
46,Andrew,Parsons,Local government officer,sparksbreanna@ramos.com
47,Mia,Thompson,Aeronautical engineer,steeledawn@taylor.com
48,Susan,Hancock,Maintenance engineer,mackenzie43@hotmail.com
49,Sierra,Jones,Toxicologist,kevinmiller@gmail.com
50,Jessica,Stewart,"Psychologist, forensic",kbrewer@hotmail.com
51,James,Harrison,Control and instrumentation engineer,cory35@rice.net
52,Tiffany,Dunn,Minerals surveyor,desiree25@gmail.com
53,Michael,Davis,IT sales professional,alan30@hayes.com
54,Erika,Warren,Facilities manager,brookspatricia@gmail.com
55,Hannah,Bennett,"Engineer, energy",eroberts@hotmail.com
56,Lauren,Coffey,Operational investment banker,carly13@savage.com
57,Melissa,Jefferson,"Designer, blown glass/stained glass",iwilliams@yahoo.com
58,Mark,Johnson,Immigration officer,mitchellsarah@white-bauer.com
59,Julia,Hart,Farm manager,ubrock@rivera-johnson.info
60,Christopher,Mendoza,Chief Financial Officer,kayla61@gmail.com
61,Joshua,Ibarra,"Horticulturist, amenity",maurice74@yahoo.com
62,Reginald,Diaz,"Radiographer, therapeutic",donnafreeman@pugh.com
63,Richard,Flynn,Camera operator,christina58@white.com
64,Barry,James,"Engineer, mining",johnsherman@perez.org
65,Adam,Glover,Field trials officer,martinezvictor@webster.com
66,Amy,Mathews,"Nurse, adult",john78@yahoo.com
67,David,West,Systems developer,reidjacob@jimenez.com
68,Natalie,Torres,"Engineer, electronics",justin75@yahoo.com
69,Mary,King,Armed forces technical officer,vbranch@yahoo.com
70,Dustin,Wilson,"Engineer, drilling",phillipsmartin@saunders.net
71,Samantha,Garza,Cartographer,lindabowman@hotmail.com
72,Victor,Mcdaniel,Professor Emeritus,newtondaniel@gmail.com
73,James,Moore,Volunteer coordinator,kcasey@brady-roberts.biz
74,Michaela,Juarez,Quality manager,kevin74@yahoo.com
75,Anna,Nichols,International aid/development worker,xnovak@davis.com
76,Linda,Thompson,International aid/development worker,laurenmartin@gmail.com
77,Justin,Benson,Hydrologist,garyadams@powers.com
78,Megan,Figueroa,Risk analyst,stephaniesharp@miller.com
79,Brian,Warren,Water quality scientist,nortoneric@york.biz
80,Nicholas,Padilla,Landscape architect,campbellrobyn@daniels.com
81,Michael,Woods,Chief Technology Officer,lcampbell@yahoo.com
82,Jimmy,Perry,Barista,julie92@yahoo.com
83,Nicholas,Merritt,Industrial/product designer,jessicahoward@hotmail.com
84,Chad,Martin,Environmental manager,angelarodriguez@moreno-gonzalez.info
85,Regina,Lewis,Printmaker,sanchezangela@hotmail.com
86,Laura,Nelson,Community pharmacist,brittanykelly@hotmail.com
87,Nina,Malone,"Lighting technician, broadcasting/film/video",jameswilkerson@gmail.com
88,Emily,Hansen,"Engineer, broadcasting (operations)",vschneider@phillips.org
89,Stephanie,Owen,Professor Emeritus,christinewalters@hotmail.com
90,Melinda,Mathews,Office manager,muellerstephanie@yahoo.com
91,James,Barnes,Clinical cytogeneticist,trevor91@yahoo.com
92,Angela,Thomas,Company secretary,xyoung@yahoo.com
93,Donald,Clark,"Scientist, marine",dsantos@hicks-graham.net
94,Sarah,Barnes,Regulatory affairs officer,roger30@davis.com
95,Nicole,Holland,Press photographer,michelechen@beasley.com
96,Bradley,Carter,"Psychologist, prison and probation services",fjones@gmail.com
97,Steve,Williams,Radiation protection practitioner,saramercado@hotmail.com
98,Matthew,Evans,"Therapist, drama",ygarcia@yahoo.com
99,Kaylee,Brown,Tourist information centre manager,michaelkidd@gmail.com
100,Sierra,Johnson,Brewing technologist,leeleah@gmail.com
