1,cultivate dynamic channels,001-897-783-3621x5409
2,deploy transparent partnerships,286.228.8710x1246
3,morph transparent networks,246.717.7465x730
4,iterate holistic functionalities,193-840-6772
5,target frictionless e-markets,+1-236-365-8183x260
6,brand vertical eyeballs,001-981-212-8042x369
7,transform collaborative supply-chains,659.131.9497
8,redefine user-centric eyeballs,512.663.8154
9,productize robust action-items,+1-867-760-4377x698
10,strategize front-end vortals,963-313-4597
11,productize 24/7 web-readiness,+1-855-075-2572
12,empower 24/7 e-markets,259.093.0323
13,strategize virtual initiatives,+1-237-947-3178
14,seize 24/365 channels,(946)576-3801
15,scale out-of-the-box action-items,+1-827-258-7173
16,innovate e-business convergence,981.648.1490
17,target back-end supply-chains,800-431-6593x97025
18,iterate real-time users,619-779-2938
19,brand next-generation e-markets,253.228.1263x51407
20,harness granular applications,+1-328-653-7357x527
21,revolutionize transparent communities,366.459.9124x88688
22,productize 24/365 metrics,(480)277-4947x9530
23,target rich mindshare,001-098-108-3993x7914
24,reinvent one-to-one methodologies,862-351-5920x637
25,morph virtual schemas,653-928-8763x29509
26,deliver collaborative e-tailers,(366)043-9160
27,re-intermediate 24/7 portals,901.324.2909
28,matrix cross-platform experiences,870.411.0647
29,revolutionize interactive markets,136-792-0061
30,monetize clicks-and-mortar eyeballs,764-666-5545x577
31,orchestrate cross-platform initiatives,(612)369-5832
32,mesh cross-platform models,258-522-4472
33,morph real-time markets,4056130377
34,iterate user-centric functionalities,001-385-128-8964x860
35,unleash user-centric e-markets,(631)524-6488
36,exploit integrated bandwidth,(136)734-0557x11970
37,deploy frictionless infrastructures,(954)351-5207x7144
38,whiteboard bricks-and-clicks e-markets,831.799.9820x538
39,brand seamless e-tailers,001-666-399-5376
40,engage clicks-and-mortar communities,(755)490-3324
41,cultivate 24/7 technologies,107.457.7493x98373
42,mesh extensible models,482-776-3651x05518
43,brand extensible solutions,+1-586-691-4206x4583
44,whiteboard web-enabled communities,010.041.4812x0386
45,revolutionize frictionless deliverables,001-767-638-8220x5812
46,facilitate killer bandwidth,+1-885-119-5359
47,enable efficient interfaces,570.400.9338
48,generate visionary portals,(582)793-6453x68622
49,engage dynamic users,+1-175-361-9910x329
50,enhance turn-key supply-chains,001-660-757-6175x089
51,architect holistic e-commerce,001-179-844-3032
52,synthesize viral e-markets,098.541.3391
53,embrace enterprise mindshare,(583)513-8594x831
54,mesh B2C paradigms,821.632.5276
55,streamline transparent e-tailers,884.584.6393x9586
56,syndicate viral vortals,+1-040-995-0695
57,transition out-of-the-box users,395.022.1530
58,brand user-centric web services,001-288-805-0734
59,deliver B2B content,(761)612-4815x3689
60,mesh frictionless metrics,215.079.2699
61,maximize robust portals,+1-873-571-6538x28746
62,unleash holistic web services,043.473.3226
63,matrix impactful markets,(766)225-4965x862
64,repurpose turn-key channels,971-429-2067x2865
65,expedite compelling web-readiness,(476)346-1592
66,re-intermediate clicks-and-mortar paradigms,(508)243-6363
67,facilitate back-end vortals,223.265.1271
68,syndicate interactive communities,552.345.3550x57531
69,redefine cross-platform interfaces,001-357-379-4834x681
70,productize dot-com functionalities,120.419.4471x2067
71,whiteboard dot-com markets,5681244956
72,e-enable seamless deliverables,+1-702-711-3910x421
73,revolutionize front-end e-business,(505)870-8116
74,grow leading-edge vortals,637.920.3205x7238
75,leverage innovative experiences,718.443.9779x958
76,matrix e-business bandwidth,731-322-8344
77,maximize wireless e-business,+1-448-400-7141x9593
78,iterate robust networks,(162)464-8207
79,transition transparent interfaces,851.577.8337x10891
80,strategize 24/7 niches,741.896.7001x3067
81,iterate e-business functionalities,(692)203-0438
82,exploit world-class eyeballs,8444366789
83,whiteboard bleeding-edge web services,835.913.3621x25486
84,monetize visionary e-tailers,001-703-483-7651x18319
85,engineer rich functionalities,001-815-641-5478x71254
86,e-enable e-business networks,(063)139-0391
87,redefine one-to-one e-tailers,040.682.6312
88,morph sexy users,(732)912-9834x8449
89,evolve cross-media solutions,669-585-1154x59400
90,productize cross-platform technologies,(201)445-0846x480
91,synthesize cross-media solutions,696-079-6290x639
92,synergize front-end communities,+1-833-547-2677x8253
93,deploy extensible functionalities,843.284.0509x0589
94,deliver value-added markets,899-950-3373
95,engineer front-end niches,2765290431
96,matrix mission-critical action-items,001-809-573-6357x12495
97,utilize front-end e-services,136-282-6052x458
98,strategize bleeding-edge solutions,+1-739-878-1540
99,revolutionize global eyeballs,(458)420-2607x467
100,redefine dot-com content,+1-553-244-5279x41460
