1,seize sexy relationships,Product 7-7780,709.95
2,deploy interactive e-commerce,Product 7-6396,696.94
3,redefine intuitive interfaces,Product 2-5431,655.45
4,revolutionize vertical action-items,Product 4-8107,815.35
5,cultivate 24/365 bandwidth,Product 1-6855,941.44
6,utilize wireless systems,Product 3-2132,940.6
7,facilitate killer functionalities,Product 2-3562,469.29
8,brand best-of-breed architectures,Product 7-6544,771.16
9,transition impactful initiatives,Product 9-4241,771.52
10,grow turn-key functionalities,Product 6-9923,956.73
11,scale cross-platform web-readiness,Product 9-5127,256.31
12,enable global relationships,Product 5-9539,807.51
13,morph B2B content,Product 4-6398,458.19
14,utilize integrated mindshare,Product 6-9893,744.19
15,harness efficient content,Product 3-5196,287.95
16,expedite dot-com e-commerce,Product 3-8198,621.2
17,e-enable world-class portals,Product 2-9785,885.4
18,strategize 24/365 vortals,Product 1-7308,96.4
19,utilize transparent mindshare,Product 3-4755,310.86
20,strategize mission-critical infrastructures,Product 9-6833,29.4
21,transform integrated web services,Product 1-2966,440.12
22,synthesize distributed vortals,Product 9-3140,59.1
23,incubate open-source methodologies,Product 8-4261,530.35
24,envisioneer global content,Product 5-5496,940.52
25,syndicate cross-platform platforms,Product 3-7201,95.13
26,extend transparent schemas,Product 9-5960,17.14
27,exploit out-of-the-box e-services,Product 7-2537,710.69
28,benchmark integrated niches,Product 6-9849,363.83
29,morph magnetic schemas,Product 1-8155,142.9
30,harness leading-edge portals,Product 1-1726,985.71
31,brand 24/365 web-readiness,Product 8-5798,925.1
32,enhance back-end schemas,Product 2-1381,696.98
33,leverage sticky info-mediaries,Product 4-3218,865.87
34,integrate collaborative functionalities,Product 8-3476,964.43
35,mesh distributed models,Product 7-3637,913.91
36,streamline granular deliverables,Product 6-5748,816.25
37,visualize distributed applications,Product 8-3774,360.53
38,cultivate dynamic metrics,Product 2-8914,663.28
39,reinvent web-enabled content,Product 6-4120,275.87
40,redefine revolutionary partnerships,Product 2-1948,794.82
41,optimize mission-critical ROI,Product 6-6845,307.64
42,enable granular eyeballs,Product 8-9519,690.13
43,utilize best-of-breed bandwidth,Product 3-4616,225.55
44,innovate innovative paradigms,Product 1-6405,784.68
45,disintermediate virtual systems,Product 1-5826,167.24
46,iterate B2B applications,Product 2-8253,669.3
47,redefine extensible paradigms,Product 4-3690,416.61
48,orchestrate magnetic synergies,Product 5-3353,718.27
49,architect killer bandwidth,Product 2-7306,345.45
50,integrate wireless convergence,Product 4-8358,567.51
51,revolutionize robust markets,Product 4-2753,884.68
52,visualize integrated technologies,Product 5-8292,93.66
53,unleash strategic bandwidth,Product 8-1571,230.33
54,unleash enterprise experiences,Product 5-7740,953.46
55,innovate viral methodologies,Product 2-8364,662.19
56,redefine interactive users,Product 1-6953,267.3
57,aggregate sticky platforms,Product 8-2887,575.35
58,re-intermediate vertical partnerships,Product 1-4661,441.2
59,exploit leading-edge partnerships,Product 3-5736,197.83
60,deploy impactful action-items,Product 1-9415,244.85
61,leverage interactive interfaces,Product 3-3588,926.5
62,deliver e-business methodologies,Product 6-2387,389.45
63,incubate vertical communities,Product 3-6105,554.43
64,strategize collaborative synergies,Product 6-7633,780.53
65,synergize robust initiatives,Product 2-1647,303.75
66,incentivize compelling architectures,Product 2-3766,506.76
67,redefine 24/7 infrastructures,Product 4-8203,966.14
68,target cutting-edge bandwidth,Product 7-9780,148.62
69,disintermediate killer networks,Product 4-1244,646.65
70,architect compelling e-business,Product 2-9973,581.68
71,iterate virtual architectures,Product 9-6383,696.37
72,implement killer e-business,Product 5-6341,208.7
73,engineer revolutionary web-readiness,Product 9-1176,216.86
74,exploit dynamic architectures,Product 1-9377,487.19
75,evolve impactful synergies,Product 1-4289,868.93
76,maximize frictionless functionalities,Product 1-2649,809.6
77,synergize sticky e-tailers,Product 4-6122,849.3
78,aggregate enterprise technologies,Product 1-8738,565.93
79,envisioneer virtual technologies,Product 4-8151,768.96
80,enable leading-edge infrastructures,Product 8-9482,963.29
81,evolve B2C technologies,Product 3-4958,182.69
82,engage value-added e-tailers,Product 3-6844,688.71
83,repurpose rich networks,Product 7-1773,709.39
84,facilitate frictionless info-mediaries,Product 2-3381,79.44
85,deliver one-to-one web-readiness,Product 4-5779,171.99
86,brand mission-critical schemas,Product 4-1721,696.67
87,aggregate killer architectures,Product 1-8920,813.65
88,seize 24/7 ROI,Product 8-7673,454.46
89,seize collaborative convergence,Product 9-2428,674.12
90,generate leading-edge convergence,Product 1-1328,822.54
91,exploit sexy networks,Product 4-8793,81.14
92,productize wireless paradigms,Product 2-2428,918.93
93,innovate open-source eyeballs,Product 6-1665,744.28
94,disintermediate global e-markets,Product 7-4374,304.61
95,evolve mission-critical paradigms,Product 3-5141,313.5
96,mesh seamless synergies,Product 8-4827,751.11
97,incubate integrated networks,Product 6-6308,635.54
98,integrate compelling deliverables,Product 7-5933,581.61
99,maximize e-business architectures,Product 7-2123,167.18
100,benchmark wireless relationships,Product 3-1693,655.38
